id,question,gold_answer,gold_unit,completion,pred_numeric,pred_unit,is_correct,elapsed_s,extra
LD343,"Two charges, q1 = -2.4 × 10^-6 C and q2 = -2.1 × 10^-6 C, are separated by 7.5 cm. Point M lies on the line connecting the two charges but outside the segment between them, and is located 11.9 cm to the left of charge q1. Calculate the net electric field at M. Give your answer rounded three decimal places.",2.027 * 10^{6},V/m,"FINAL ANSWER: 2027494.774
UNIT: V/m",2027494.774,V/m,True,91.69056701660156,"{'rendered_prompt': '<|im_start|>system\nYou are a physics solver. First, briefly state the key physics principle and formula. Then write a self-contained Python script to compute the answer.\n\nRULES:\n- Only `import math` is allowed.\n- Define all given values at the top with SI unit conversions.\n- Write the key formula as a comment before each computation.\n- The script MUST print exactly two lines at the end:\n    FINAL ANSWER: <value>\n    UNIT: <unit>\n- For yes_no: compute the relevant quantity, compare, and print ""Yes"" or ""No"".\n- For multi_value: print values separated by semicolons (e.g. ""0.6; 1.2"").\n- Round numeric answers to 2-4 significant figures unless the problem specifies otherwise.\n\nExample:\nCoulomb force: F = k|q1||q2|/r². Convert units to SI, plug in, compute.\n\n```python\nimport math\n\n# Given\nq1 = 5e-6  # 5 uC -> C\nq2 = 3e-6  # 3 uC -> C\nr = 0.08   # 8 cm -> m\nk = 9e9    # Coulomb constant\n\n# Coulomb\'s law: F = k * |q1| * |q2| / r^2\nF = k * abs(q1) * abs(q2) / r**2\n\nprint(f""FINAL ANSWER: {F:.4g}"")\nprint(""UNIT: N"")\n```<|im_end|>\n<|im_start|>user\nDOMAIN: DT\nANSWER TYPE: pure_numeric\n\nRELEVANT FORMULAS:\nConstants:\n  k = 9e9 N*m^2/C^2 (Coulomb constant)\n  epsilon_0 = 8.854e-12 F/m (Vacuum permittivity)\n  e = 1.6e-19 C (Elementary charge)\n\nUnit conversions:\n  uC = 1e-6 C (microcoulomb), nC = 1e-9 C (nanocoulomb), cm = 0.01 m, mm = 0.001 m, kV/m = 1e3 V/m, MV/m = 1e6 V/m, eV = 1.6e-19 J (electronvolt)\n\nFormulas:\n  1. Electric field of point charge: E = k * abs(q) / r**2 -> result in V/m  (Directed radially outward for positive charge)\n  2. Electric potential of point charge: V = k * q / r -> result in V  (Scalar quantity; can be positive or negative)\n  3. Uniform electric field: E = U / d -> result in V/m  (Between parallel plates with voltage U and separation d)\n  4. Potential difference and field: U = E * d  # along field direction -> result in V  (V_A - V_B = E * d_AB (A is higher potential toward + plate))\n  5. Work by electric field: A = q * (V_A - V_B)  # or A = q * E * d -> result in J  (Work done moving charge q from A to B)\n  6. Potential energy: W = q * V -> result in J  (Potential energy of charge q at potential V)\n  7. Superposition of fields: E_net = math.sqrt(E1**2 + E2**2 + 2*E1*E2*math.cos(theta)) -> result in V/m  (Vector sum of fields; theta is angle between E1 and E2)\n  8. Superposition of potentials: V_net = V1 + V2 + V3 -> result in V  (Scalar sum; no vector addition needed)\n\nPROBLEM:\nTwo charges, q1 = -2.4 × 10^-6 C and q2 = -2.1 × 10^-6 C, are separated by 7.5 cm. Point M lies on the line connecting the two charges but outside the segment between them, and is located 11.9 cm to the left of charge q1. Calculate the net electric field at M. Give your answer rounded three decimal places.\n\nWrite a Python script to solve this.<|im_end|>\n<|im_start|>assistant\n<think>\n\n</think>\n\n', 'generated_code': 'import math\n\n# Constants\nk = 9e9  # Coulomb constant in N*m^2/C^2\n\n# Given values converted to SI units\nq1 = -2.4e-6  # Charge 1 in C\nq2 = -2.1e-6  # Charge 2 in C\nd12 = 0.075   # Distance between charges in m\nd_M1 = 0.119  # Distance from M to q1 in m\n\n# Calculate distance from M to q2\n# M is to the left of q1, and q2 is to the right of q1.\n# So distance M to q2 = distance M to q1 + distance q1 to q2\nd_M2 = d_M1 + d12\n\n# Calculate magnitude of Electric Field from q1\n# Formula: E = k * |q| / r^2\nE1_mag = k * abs(q1) / (d_M1 ** 2)\n\n# Calculate magnitude of Electric Field from q2\nE2_mag = k * abs(q2) / (d_M2 ** 2)\n\n# Determine directions\n# Let\'s define the positive x-axis as pointing to the right.\n# q1 is at x=0, q2 is at x=0.075. M is at x=-0.119.\n# q1 is negative -> Field points towards q1 (Right/Positive).\n# q2 is negative -> Field points towards q2 (Right/Positive).\n# Both fields add up.\n\nE_net = E1_mag + E2_mag\n\n# Round to 3 decimal places\nE_net_rounded = round(E_net, 3)\n\nprint(f""FINAL ANSWER: {E_net_rounded}"")\nprint(""UNIT: V/m"")', 'execution_stdout': 'FINAL ANSWER: 2027494.774\nUNIT: V/m\n', 'execution_stderr': '', 'retry_count': 0, 'solve_method': 'code_execution', 'raw_answer': '2027494.774', 'answer_type': 'sci_notation', 'partial_correct': False, 'scoring_notes': '', 'routed_domain': 'DT', 'routed_answer_type': 'pure_numeric', 'route_confidence': 0.9, 'n_examples': 2, 'classify_elapsed_s': 6.812363624572754}"
LD248,"Two electric charges q1 = +7 × 10^-6 C and q2 = -7 × 10^-6 C are placed at points A and B, separated by 6 cm. A test charge q = 10^-8 C is placed at point M, which lies on the perpendicular bisector of the line segment AB, 3 cm away from AB. Calculate the net electric force acting on q.",0.495,N,"FINAL ANSWER: 0.495
UNIT: N",0.495,N,True,57.17143726348877,"{'rendered_prompt': '<|im_start|>system\nYou are a physics solver. First, briefly state the key physics principle and formula. Then write a self-contained Python script to compute the answer.\n\nRULES:\n- Only `import math` is allowed.\n- Define all given values at the top with SI unit conversions.\n- Write the key formula as a comment before each computation.\n- The script MUST print exactly two lines at the end:\n    FINAL ANSWER: <value>\n    UNIT: <unit>\n- For yes_no: compute the relevant quantity, compare, and print ""Yes"" or ""No"".\n- For multi_value: print values separated by semicolons (e.g. ""0.6; 1.2"").\n- Round numeric answers to 2-4 significant figures unless the problem specifies otherwise.\n\nExample:\nCoulomb force: F = k|q1||q2|/r². Convert units to SI, plug in, compute.\n\n```python\nimport math\n\n# Given\nq1 = 5e-6  # 5 uC -> C\nq2 = 3e-6  # 3 uC -> C\nr = 0.08   # 8 cm -> m\nk = 9e9    # Coulomb constant\n\n# Coulomb\'s law: F = k * |q1| * |q2| / r^2\nF = k * abs(q1) * abs(q2) / r**2\n\nprint(f""FINAL ANSWER: {F:.4g}"")\nprint(""UNIT: N"")\n```<|im_end|>\n<|im_start|>user\nDOMAIN: LD\nANSWER TYPE: pure_numeric\n\nRELEVANT FORMULAS:\nConstants:\n  k = 9e9 N*m^2/C^2 (Coulomb constant)\n  epsilon_0 = 8.854e-12 F/m (Vacuum permittivity)\n  e = 1.6e-19 C (Elementary charge)\n\nUnit conversions:\n  uC = 1e-6 C (microcoulomb), nC = 1e-9 C (nanocoulomb), pC = 1e-12 C (picocoulomb), cm = 0.01 m, mm = 0.001 m, kV/m = 1e3 V/m\n\nFormulas:\n  1. Coulomb\'s Law: F = k * abs(q1) * abs(q2) / r**2 -> result in N  (Force magnitude between two point charges)\n  2. Electric field of point charge: E = k * abs(q) / r**2 -> result in V/m  (Field magnitude at distance r from charge q)\n  3. Superposition of forces (collinear): F_net = F1 + F2  # same direction; F_net = abs(F1 - F2) opposite -> result in N  (Add magnitudes if same direction, subtract if opposite)\n  4. Superposition of forces (2D): F_net = math.sqrt(F1**2 + F2**2 + 2*F1*F2*math.cos(theta)) -> result in N  (General vector addition; theta is angle between F1 and F2)\n  5. Equilibrium position on a line: x = d / (1 + math.sqrt(abs(q2/q1))) -> result in m  (Position of equilibrium charge between q1 (at 0) and q2 (at d), same-sign charges)\n  6. Electric force on charge in field: F = abs(q) * E -> result in N  (Force on charge q in uniform field E)\n  7. Work done by electric force: A = q * E * d -> result in J  (Work done moving charge q through distance d along field E)\n\nPROBLEM:\nTwo electric charges q1 = +7 × 10^-6 C and q2 = -7 × 10^-6 C are placed at points A and B, separated by 6 cm. A test charge q = 10^-8 C is placed at point M, which lies on the perpendicular bisector of the line segment AB, 3 cm away from AB. Calculate the net electric force acting on q.\n\nWrite a Python script to solve this.<|im_end|>\n<|im_start|>assistant\n<think>\n\n</think>\n\n', 'generated_code': 'import math\n\n# Given values converted to SI units\nq1 = 7e-6      # Charge at A (C)\nq2 = -7e-6     # Charge at B (C)\nD = 0.06       # Separation between A and B (m)\nh = 0.03       # Distance of M from AB (m)\nq_test = 1e-8  # Test charge (C)\nk = 9e9        # Coulomb constant (N*m^2/C^2)\n\n# Geometry calculations\n# Distance from each source charge to the test charge\nr = math.sqrt((D/2)**2 + h**2)\n\n# Magnitude of force from one source charge on the test charge\n# F_single = k * |q_source| * |q_test| / r^2\nF_single = k * abs(q1) * abs(q_test) / (r**2)\n\n# Angle theta between the force vector and the vertical axis\n# cos(theta) = adjacent / hypotenuse = h / r\ncos_theta = h / r\n\n# Net force calculation\n# Due to symmetry, horizontal components cancel. Vertical components add.\n# F_net = 2 * F_single * cos(theta)\nF_net = 2 * F_single * cos_theta\n\nprint(f""FINAL ANSWER: {F_net:.4g}"")\nprint(""UNIT: N"")', 'execution_stdout': 'FINAL ANSWER: 0.495\nUNIT: N\n', 'execution_stderr': '', 'retry_count': 0, 'solve_method': 'code_execution', 'raw_answer': '0.495', 'answer_type': 'pure_numeric', 'partial_correct': False, 'scoring_notes': '', 'routed_domain': 'LD', 'routed_answer_type': 'pure_numeric', 'route_confidence': 0.9, 'n_examples': 2, 'classify_elapsed_s': 6.812363624572754}"
LD110,"Two charges q1 = +7 × 10^-8 C and q2 = -6 × 10^-8 C are placed at points A and B, 10 cm apart in air. A third charge q3 = +8 × 10^-8 C is placed at point C, such that the distance from C to A is 7 cm and the distance from C to B is 5 cm. Calculate the net electrostatic force acting on q3.",0.023,N,"Step 1: Convert all distances to meters and identify the triangle sides as 5 cm, 7 cm, and 10 cm, which form a right triangle ($5^2 + 7^2 = 10^2$), making the angle at C equal to $90^\circ$.
Step 2: Calculate the magnitude of the force from $q_1$ on $q_3$ as $F_1 = k \frac{|q_1 q_3|}{r_1^2} = (9 \times 10^9) \frac{(7 \times 10^{-8})(8 \times 10^{-8})}{(0.07)^2} = 12$ N.
Step 3: Calculate the magnitude of the force from $q_2$ on $q_3$ as $F_2 = k \frac{|q_2 q_3|}{r_2^2} = (9 \times 10^9) \frac{(6 \times 10^{-8})(8 \times 10^{-8})}{(0.05)^2} = 17.28$ N.
Step 4: Since the angle between the force vectors is $90^\circ$, find the net force magnitude using the Pythagorean theorem: $F_{\text{net}} = \sqrt{12^2 + 17.28^2} \approx 21.0$ N.

FINAL ANSWER: 21.0
UNIT: N
",21.0,N,False,199.77537846565247,"{'rendered_prompt': ""<|im_start|>system\nYou are a physics tutor specialising in electrostatics and Coulomb forces. You answer in English using SI units.\n\nKey formulas:\n- Coulomb's law: F = k*q1*q2 / r^2, k = 9 x 10^9 N.m^2/C^2\n- Electric field of point charge: E = k*q / r^2\n- Superposition: vector sum of individual forces/fields\n- Equilibrium: net force = 0, solve for unknown charge or position\n- Common units: N, C, uC (10^-6 C), V/m\nWrite a short numbered reasoning chain using LaTeX inline math ($...$), then the final answer. Format:\n\nStep 1: <one short sentence>\nStep 2: <one short sentence>\n...\nFINAL ANSWER: <answer>\nUNIT: <unit symbol, or - if dimensionless>\n\nFor large/small numbers (|exponent| >= 4), write a * 10^{n}. NEVER use e-notation.\nWRONG: 2.97e6 | RIGHT: 2.97 * 10^{6}\n\nKeep it tight: 3-5 steps. Commit to one reading of the problem. Stop after the UNIT line.<|im_end|>\n<|im_start|>user\nTwo charges, q1 = +5 μC and q2 = +5 μC, are placed at points A and B, 10 cm apart. Calculate the magnitude of the force acting on a test charge q0 = +1 μC placed at a point 6 cm from A and 8 cm from B.<|im_end|>\n<|im_start|>assistant\nStep 1: Note that the distances 6 cm, 8 cm, and 10 cm form a right triangle, so the forces from $q_1$ and $q_2$ on $q_0$ are perpendicular.\nStep 2: Calculate the force magnitude $F_{10} = k \\frac{|q_1 q_0|}{r_{10}^2} = 9 \\times 10^9 \\cdot \\frac{5 \\times 10^{-6} \\cdot 1 \\times 10^{-6}}{(0.06)^2} = 12.5$ N.\nStep 3: Calculate the force magnitude $F_{20} = k \\frac{|q_2 q_0|}{r_{20}^2} = 9 \\times 10^9 \\cdot \\frac{5 \\times 10^{-6} \\cdot 1 \\times 10^{-6}}{(0.08)^2} \\approx 7.03$ N.\nStep 4: Since the forces are perpendicular, the net force magnitude is $F = \\sqrt{F_{10}^2 + F_{20}^2} = \\sqrt{12.5^2 + 7.03^2} \\approx 14.34$ N.\n\nFINAL ANSWER: 14.34\nUNIT: N<|im_end|>\n<|im_start|>user\nTwo identical charges q = +2 μC are placed at two vertices of an equilateral triangle with side length a = 0.1 m. A charge q′ = -1 μC is placed at the remaining vertex. Calculate the net electric force acting on q′.<|im_end|>\n<|im_start|>assistant\nStep 1: Calculate the magnitude of the force between one $+2$ μC charge and the $-1$ μC charge using Coulomb's law: $F = k \\frac{|q \\cdot q'|}{a^2}$.\nStep 2: Substitute $k = 8.9875 \\times 10^9$, $q = 2 \\times 10^{-6}$ C, $q' = 1 \\times 10^{-6}$ C, and $a = 0.1$ m to get $F = 8.9875 \\times 10^9 \\cdot \\frac{2 \\times 10^{-12}}{0.01} = 1.7975$ N.\nStep 3: Since both $q$ charges attract $q'$, the two forces are directed along the sides of the equilateral triangle with an angle of $60^\\circ$ between them.\nStep 4: Compute the net force magnitude using the law of cosines: $F_{\\text{net}} = \\sqrt{F^2 + F^2 + 2F^2 \\cos 60^\\circ} = F\\sqrt{3} \\approx 1.7975 \\times 1.732 = 3.12$ N.\n\nFINAL ANSWER: 3.12\nUNIT: N<|im_end|>\n<|im_start|>user\nTwo charges q1 = +7 × 10^-8 C and q2 = -6 × 10^-8 C are placed at points A and B, 10 cm apart in air. A third charge q3 = +8 × 10^-8 C is placed at point C, such that the distance from C to A is 7 cm and the distance from C to B is 5 cm. Calculate the net electrostatic force acting on q3.<|im_end|>\n<|im_start|>assistant\n<think>\n\n</think>\n\n"", 'generated_code': None, 'execution_stdout': '', 'execution_stderr': 'no code block found', 'retry_count': 0, 'code_prompt': '<|im_start|>system\nYou are a physics solver. First, briefly state the key physics principle and formula. Then write a self-contained Python script to compute the answer.\n\nRULES:\n- Only `import math` is allowed.\n- Define all given values at the top with SI unit conversions.\n- Write the key formula as a comment before each computation.\n- The script MUST print exactly two lines at the end:\n    FINAL ANSWER: <value>\n    UNIT: <unit>\n- For yes_no: compute the relevant quantity, compare, and print ""Yes"" or ""No"".\n- For multi_value: print values separated by semicolons (e.g. ""0.6; 1.2"").\n- Round numeric answers to 2-4 significant figures unless the problem specifies otherwise.\n\nExample:\nCoulomb force: F = k|q1||q2|/r². Convert units to SI, plug in, compute.\n\n```python\nimport math\n\n# Given\nq1 = 5e-6  # 5 uC -> C\nq2 = 3e-6  # 3 uC -> C\nr = 0.08   # 8 cm -> m\nk = 9e9    # Coulomb constant\n\n# Coulomb\'s law: F = k * |q1| * |q2| / r^2\nF = k * abs(q1) * abs(q2) / r**2\n\nprint(f""FINAL ANSWER: {F:.4g}"")\nprint(""UNIT: N"")\n```<|im_end|>\n<|im_start|>user\nDOMAIN: LD\nANSWER TYPE: pure_numeric\n\nRELEVANT FORMULAS:\nConstants:\n  k = 9e9 N*m^2/C^2 (Coulomb constant)\n  epsilon_0 = 8.854e-12 F/m (Vacuum permittivity)\n  e = 1.6e-19 C (Elementary charge)\n\nUnit conversions:\n  uC = 1e-6 C (microcoulomb), nC = 1e-9 C (nanocoulomb), pC = 1e-12 C (picocoulomb), cm = 0.01 m, mm = 0.001 m, kV/m = 1e3 V/m\n\nFormulas:\n  1. Coulomb\'s Law: F = k * abs(q1) * abs(q2) / r**2 -> result in N  (Force magnitude between two point charges)\n  2. Electric field of point charge: E = k * abs(q) / r**2 -> result in V/m  (Field magnitude at distance r from charge q)\n  3. Superposition of forces (collinear): F_net = F1 + F2  # same direction; F_net = abs(F1 - F2) opposite -> result in N  (Add magnitudes if same direction, subtract if opposite)\n  4. Superposition of forces (2D): F_net = math.sqrt(F1**2 + F2**2 + 2*F1*F2*math.cos(theta)) -> result in N  (General vector addition; theta is angle between F1 and F2)\n  5. Equilibrium position on a line: x = d / (1 + math.sqrt(abs(q2/q1))) -> result in m  (Position of equilibrium charge between q1 (at 0) and q2 (at d), same-sign charges)\n  6. Electric force on charge in field: F = abs(q) * E -> result in N  (Force on charge q in uniform field E)\n  7. Work done by electric force: A = q * E * d -> result in J  (Work done moving charge q through distance d along field E)\n\nPROBLEM:\nTwo charges q1 = +7 × 10^-8 C and q2 = -6 × 10^-8 C are placed at points A and B, 10 cm apart in air. A third charge q3 = +8 × 10^-8 C is placed at point C, such that the distance from C to A is 7 cm and the distance from C to B is 5 cm. Calculate the net electrostatic force acting on q3.\n\nWrite a Python script to solve this.<|im_end|>\n<|im_start|>assistant\n<think>\n\n</think>\n\n', 'solve_method': 'fallback', 'raw_answer': '21.0', 'answer_type': 'pure_numeric', 'partial_correct': False, 'scoring_notes': '', 'routed_domain': 'LD', 'routed_answer_type': 'pure_numeric', 'route_confidence': 0.9, 'n_examples': 2, 'classify_elapsed_s': 6.812363624572754}"
LD151,"Three identical charges, q = -2 × 10^-8 C, are placed at the three vertices of an isosceles right triangle with legs of length a = 10 cm. Calculate the net force acting on the charge at the right-angle vertex.",5.09 * 10^{-4},N,"FINAL ANSWER: 0.0005091
UNIT: N",0.0005091,N,True,76.56968069076538,"{'rendered_prompt': '<|im_start|>system\nYou are a physics solver. First, briefly state the key physics principle and formula. Then write a self-contained Python script to compute the answer.\n\nRULES:\n- Only `import math` is allowed.\n- Define all given values at the top with SI unit conversions.\n- Write the key formula as a comment before each computation.\n- The script MUST print exactly two lines at the end:\n    FINAL ANSWER: <value>\n    UNIT: <unit>\n- For yes_no: compute the relevant quantity, compare, and print ""Yes"" or ""No"".\n- For multi_value: print values separated by semicolons (e.g. ""0.6; 1.2"").\n- Round numeric answers to 2-4 significant figures unless the problem specifies otherwise.\n\nExample:\nCoulomb force: F = k|q1||q2|/r². Convert units to SI, plug in, compute.\n\n```python\nimport math\n\n# Given\nq1 = 5e-6  # 5 uC -> C\nq2 = 3e-6  # 3 uC -> C\nr = 0.08   # 8 cm -> m\nk = 9e9    # Coulomb constant\n\n# Coulomb\'s law: F = k * |q1| * |q2| / r^2\nF = k * abs(q1) * abs(q2) / r**2\n\nprint(f""FINAL ANSWER: {F:.4g}"")\nprint(""UNIT: N"")\n```<|im_end|>\n<|im_start|>user\nDOMAIN: LD\nANSWER TYPE: pure_numeric\n\nRELEVANT FORMULAS:\nConstants:\n  k = 9e9 N*m^2/C^2 (Coulomb constant)\n  epsilon_0 = 8.854e-12 F/m (Vacuum permittivity)\n  e = 1.6e-19 C (Elementary charge)\n\nUnit conversions:\n  uC = 1e-6 C (microcoulomb), nC = 1e-9 C (nanocoulomb), pC = 1e-12 C (picocoulomb), cm = 0.01 m, mm = 0.001 m, kV/m = 1e3 V/m\n\nFormulas:\n  1. Coulomb\'s Law: F = k * abs(q1) * abs(q2) / r**2 -> result in N  (Force magnitude between two point charges)\n  2. Electric field of point charge: E = k * abs(q) / r**2 -> result in V/m  (Field magnitude at distance r from charge q)\n  3. Superposition of forces (collinear): F_net = F1 + F2  # same direction; F_net = abs(F1 - F2) opposite -> result in N  (Add magnitudes if same direction, subtract if opposite)\n  4. Superposition of forces (2D): F_net = math.sqrt(F1**2 + F2**2 + 2*F1*F2*math.cos(theta)) -> result in N  (General vector addition; theta is angle between F1 and F2)\n  5. Equilibrium position on a line: x = d / (1 + math.sqrt(abs(q2/q1))) -> result in m  (Position of equilibrium charge between q1 (at 0) and q2 (at d), same-sign charges)\n  6. Electric force on charge in field: F = abs(q) * E -> result in N  (Force on charge q in uniform field E)\n  7. Work done by electric force: A = q * E * d -> result in J  (Work done moving charge q through distance d along field E)\n\nPROBLEM:\nThree identical charges, q = -2 × 10^-8 C, are placed at the three vertices of an isosceles right triangle with legs of length a = 10 cm. Calculate the net force acting on the charge at the right-angle vertex.\n\nWrite a Python script to solve this.<|im_end|>\n<|im_start|>assistant\n<think>\n\n</think>\n\n', 'generated_code': 'import math\n\n# Constants\nk = 9e9          # Coulomb constant (N*m^2/C^2)\ne = 1.6e-19      # Elementary charge (C) - not needed for this specific calculation but provided in context\n\n# Given values converted to SI units\nq = -2e-8        # Charge magnitude in Coulombs (2 x 10^-8 C)\na = 0.10         # Leg length in meters (10 cm)\n\n# Calculate the magnitude of the force between any two charges\n# Formula: F = k * |q1| * |q2| / r^2\n# Here q1 = q, q2 = q, r = a\nF_single = k * abs(q) * abs(q) / (a ** 2)\n\n# The net force is the vector sum of two perpendicular forces of magnitude F_single.\n# Formula: F_net = sqrt(F1^2 + F2^2) where F1 = F2 = F_single\n# F_net = F_single * sqrt(2)\nF_net = math.sqrt(F_single**2 + F_single**2)\n\nprint(f""FINAL ANSWER: {F_net:.4g}"")\nprint(""UNIT: N"")', 'execution_stdout': 'FINAL ANSWER: 0.0005091\nUNIT: N\n', 'execution_stderr': '', 'retry_count': 0, 'solve_method': 'code_execution', 'raw_answer': '0.0005091', 'answer_type': 'sci_notation', 'partial_correct': False, 'scoring_notes': '', 'routed_domain': 'LD', 'routed_answer_type': 'pure_numeric', 'route_confidence': 0.9, 'n_examples': 2, 'classify_elapsed_s': 6.812363624572754}"
LD192,Two electric forces with magnitudes of 11 N and 5 N are acting at an angle of 135° to each other. Calculate the resultant force of these two electric forces.,8.2594,N,"FINAL ANSWER: 8.259
UNIT: N",8.259,N,True,37.38932418823242,"{'rendered_prompt': '<|im_start|>system\nYou are a physics solver. First, briefly state the key physics principle and formula. Then write a self-contained Python script to compute the answer.\n\nRULES:\n- Only `import math` is allowed.\n- Define all given values at the top with SI unit conversions.\n- Write the key formula as a comment before each computation.\n- The script MUST print exactly two lines at the end:\n    FINAL ANSWER: <value>\n    UNIT: <unit>\n- For yes_no: compute the relevant quantity, compare, and print ""Yes"" or ""No"".\n- For multi_value: print values separated by semicolons (e.g. ""0.6; 1.2"").\n- Round numeric answers to 2-4 significant figures unless the problem specifies otherwise.\n\nExample:\nCoulomb force: F = k|q1||q2|/r². Convert units to SI, plug in, compute.\n\n```python\nimport math\n\n# Given\nq1 = 5e-6  # 5 uC -> C\nq2 = 3e-6  # 3 uC -> C\nr = 0.08   # 8 cm -> m\nk = 9e9    # Coulomb constant\n\n# Coulomb\'s law: F = k * |q1| * |q2| / r^2\nF = k * abs(q1) * abs(q2) / r**2\n\nprint(f""FINAL ANSWER: {F:.4g}"")\nprint(""UNIT: N"")\n```<|im_end|>\n<|im_start|>user\nDOMAIN: LD\nANSWER TYPE: pure_numeric\n\nRELEVANT FORMULAS:\nConstants:\n  k = 9e9 N*m^2/C^2 (Coulomb constant)\n  epsilon_0 = 8.854e-12 F/m (Vacuum permittivity)\n  e = 1.6e-19 C (Elementary charge)\n\nUnit conversions:\n  uC = 1e-6 C (microcoulomb), nC = 1e-9 C (nanocoulomb), pC = 1e-12 C (picocoulomb), cm = 0.01 m, mm = 0.001 m, kV/m = 1e3 V/m\n\nFormulas:\n  1. Coulomb\'s Law: F = k * abs(q1) * abs(q2) / r**2 -> result in N  (Force magnitude between two point charges)\n  2. Electric field of point charge: E = k * abs(q) / r**2 -> result in V/m  (Field magnitude at distance r from charge q)\n  3. Superposition of forces (collinear): F_net = F1 + F2  # same direction; F_net = abs(F1 - F2) opposite -> result in N  (Add magnitudes if same direction, subtract if opposite)\n  4. Superposition of forces (2D): F_net = math.sqrt(F1**2 + F2**2 + 2*F1*F2*math.cos(theta)) -> result in N  (General vector addition; theta is angle between F1 and F2)\n  5. Equilibrium position on a line: x = d / (1 + math.sqrt(abs(q2/q1))) -> result in m  (Position of equilibrium charge between q1 (at 0) and q2 (at d), same-sign charges)\n  6. Electric force on charge in field: F = abs(q) * E -> result in N  (Force on charge q in uniform field E)\n  7. Work done by electric force: A = q * E * d -> result in J  (Work done moving charge q through distance d along field E)\n\nPROBLEM:\nTwo electric forces with magnitudes of 11 N and 5 N are acting at an angle of 135° to each other. Calculate the resultant force of these two electric forces.\n\nWrite a Python script to solve this.<|im_end|>\n<|im_start|>assistant\n<think>\n\n</think>\n\n', 'generated_code': 'import math\n\n# Given values\nF1 = 11.0   # Magnitude of first force in N\nF2 = 5.0    # Magnitude of second force in N\ntheta_deg = 135.0 # Angle between forces in degrees\n\n# Convert angle to radians for Python math functions\ntheta_rad = math.radians(theta_deg)\n\n# Formula: F_net = sqrt(F1^2 + F2^2 + 2*F1*F2*cos(theta))\n# This calculates the magnitude of the resultant vector.\nF_net = math.sqrt(F1**2 + F2**2 + 2 * F1 * F2 * math.cos(theta_rad))\n\nprint(f""FINAL ANSWER: {F_net:.4g}"")\nprint(""UNIT: N"")', 'execution_stdout': 'FINAL ANSWER: 8.259\nUNIT: N\n', 'execution_stderr': '', 'retry_count': 0, 'solve_method': 'code_execution', 'raw_answer': '8.259', 'answer_type': 'pure_numeric', 'partial_correct': False, 'scoring_notes': '', 'routed_domain': 'LD', 'routed_answer_type': 'pure_numeric', 'route_confidence': 0.9, 'n_examples': 2, 'classify_elapsed_s': 6.812363624572754}"
LD170,Two electric forces with magnitudes of 10 N and 7 N act at an angle of 120° to each other. Calculate their resultant force.,8.8882,N,"FINAL ANSWER: 8.888
UNIT: N",8.888,N,True,37.1004102230072,"{'rendered_prompt': '<|im_start|>system\nYou are a physics solver. First, briefly state the key physics principle and formula. Then write a self-contained Python script to compute the answer.\n\nRULES:\n- Only `import math` is allowed.\n- Define all given values at the top with SI unit conversions.\n- Write the key formula as a comment before each computation.\n- The script MUST print exactly two lines at the end:\n    FINAL ANSWER: <value>\n    UNIT: <unit>\n- For yes_no: compute the relevant quantity, compare, and print ""Yes"" or ""No"".\n- For multi_value: print values separated by semicolons (e.g. ""0.6; 1.2"").\n- Round numeric answers to 2-4 significant figures unless the problem specifies otherwise.\n\nExample:\nCoulomb force: F = k|q1||q2|/r². Convert units to SI, plug in, compute.\n\n```python\nimport math\n\n# Given\nq1 = 5e-6  # 5 uC -> C\nq2 = 3e-6  # 3 uC -> C\nr = 0.08   # 8 cm -> m\nk = 9e9    # Coulomb constant\n\n# Coulomb\'s law: F = k * |q1| * |q2| / r^2\nF = k * abs(q1) * abs(q2) / r**2\n\nprint(f""FINAL ANSWER: {F:.4g}"")\nprint(""UNIT: N"")\n```<|im_end|>\n<|im_start|>user\nDOMAIN: LD\nANSWER TYPE: pure_numeric\n\nRELEVANT FORMULAS:\nConstants:\n  k = 9e9 N*m^2/C^2 (Coulomb constant)\n  epsilon_0 = 8.854e-12 F/m (Vacuum permittivity)\n  e = 1.6e-19 C (Elementary charge)\n\nUnit conversions:\n  uC = 1e-6 C (microcoulomb), nC = 1e-9 C (nanocoulomb), pC = 1e-12 C (picocoulomb), cm = 0.01 m, mm = 0.001 m, kV/m = 1e3 V/m\n\nFormulas:\n  1. Coulomb\'s Law: F = k * abs(q1) * abs(q2) / r**2 -> result in N  (Force magnitude between two point charges)\n  2. Electric field of point charge: E = k * abs(q) / r**2 -> result in V/m  (Field magnitude at distance r from charge q)\n  3. Superposition of forces (collinear): F_net = F1 + F2  # same direction; F_net = abs(F1 - F2) opposite -> result in N  (Add magnitudes if same direction, subtract if opposite)\n  4. Superposition of forces (2D): F_net = math.sqrt(F1**2 + F2**2 + 2*F1*F2*math.cos(theta)) -> result in N  (General vector addition; theta is angle between F1 and F2)\n  5. Equilibrium position on a line: x = d / (1 + math.sqrt(abs(q2/q1))) -> result in m  (Position of equilibrium charge between q1 (at 0) and q2 (at d), same-sign charges)\n  6. Electric force on charge in field: F = abs(q) * E -> result in N  (Force on charge q in uniform field E)\n  7. Work done by electric force: A = q * E * d -> result in J  (Work done moving charge q through distance d along field E)\n\nPROBLEM:\nTwo electric forces with magnitudes of 10 N and 7 N act at an angle of 120° to each other. Calculate their resultant force.\n\nWrite a Python script to solve this.<|im_end|>\n<|im_start|>assistant\n<think>\n\n</think>\n\n', 'generated_code': 'import math\n\n# Given values\nF1 = 10.0      # Magnitude of first force in Newtons\nF2 = 7.0       # Magnitude of second force in Newtons\ntheta_deg = 120.0 # Angle between the forces in degrees\n\n# Convert angle to radians for math.cos()\ntheta_rad = math.radians(theta_deg)\n\n# Formula: F_net = sqrt(F1^2 + F2^2 + 2*F1*F2*cos(theta))\n# This calculates the magnitude of the resultant vector.\nF_net = math.sqrt(F1**2 + F2**2 + 2 * F1 * F2 * math.cos(theta_rad))\n\nprint(f""FINAL ANSWER: {F_net:.4g}"")\nprint(""UNIT: N"")', 'execution_stdout': 'FINAL ANSWER: 8.888\nUNIT: N\n', 'execution_stderr': '', 'retry_count': 0, 'solve_method': 'code_execution', 'raw_answer': '8.888', 'answer_type': 'pure_numeric', 'partial_correct': False, 'scoring_notes': '', 'routed_domain': 'LD', 'routed_answer_type': 'pure_numeric', 'route_confidence': 0.9, 'n_examples': 2, 'classify_elapsed_s': 6.812363624572754}"
LD274,"Two point charges, q1 = +8 × 10^-6 C and q2 = -8 × 10^-6 C, are placed at points A and B, separated by 10 cm. A test charge q with a magnitude of 10^-6 C is placed at point M, which lies on the perpendicular bisector of AB, at a distance of 3 cm from AB. Calculate the net electric force acting on the test charge q.",36.32,N,"FINAL ANSWER: 21.79
UNIT: N",21.79,N,False,81.65035843849182,"{'rendered_prompt': '<|im_start|>system\nYou are a physics solver. First, briefly state the key physics principle and formula. Then write a self-contained Python script to compute the answer.\n\nRULES:\n- Only `import math` is allowed.\n- Define all given values at the top with SI unit conversions.\n- Write the key formula as a comment before each computation.\n- The script MUST print exactly two lines at the end:\n    FINAL ANSWER: <value>\n    UNIT: <unit>\n- For yes_no: compute the relevant quantity, compare, and print ""Yes"" or ""No"".\n- For multi_value: print values separated by semicolons (e.g. ""0.6; 1.2"").\n- Round numeric answers to 2-4 significant figures unless the problem specifies otherwise.\n\nExample:\nCoulomb force: F = k|q1||q2|/r². Convert units to SI, plug in, compute.\n\n```python\nimport math\n\n# Given\nq1 = 5e-6  # 5 uC -> C\nq2 = 3e-6  # 3 uC -> C\nr = 0.08   # 8 cm -> m\nk = 9e9    # Coulomb constant\n\n# Coulomb\'s law: F = k * |q1| * |q2| / r^2\nF = k * abs(q1) * abs(q2) / r**2\n\nprint(f""FINAL ANSWER: {F:.4g}"")\nprint(""UNIT: N"")\n```<|im_end|>\n<|im_start|>user\nDOMAIN: LD\nANSWER TYPE: pure_numeric\n\nRELEVANT FORMULAS:\nConstants:\n  k = 9e9 N*m^2/C^2 (Coulomb constant)\n  epsilon_0 = 8.854e-12 F/m (Vacuum permittivity)\n  e = 1.6e-19 C (Elementary charge)\n\nUnit conversions:\n  uC = 1e-6 C (microcoulomb), nC = 1e-9 C (nanocoulomb), pC = 1e-12 C (picocoulomb), cm = 0.01 m, mm = 0.001 m, kV/m = 1e3 V/m\n\nFormulas:\n  1. Coulomb\'s Law: F = k * abs(q1) * abs(q2) / r**2 -> result in N  (Force magnitude between two point charges)\n  2. Electric field of point charge: E = k * abs(q) / r**2 -> result in V/m  (Field magnitude at distance r from charge q)\n  3. Superposition of forces (collinear): F_net = F1 + F2  # same direction; F_net = abs(F1 - F2) opposite -> result in N  (Add magnitudes if same direction, subtract if opposite)\n  4. Superposition of forces (2D): F_net = math.sqrt(F1**2 + F2**2 + 2*F1*F2*math.cos(theta)) -> result in N  (General vector addition; theta is angle between F1 and F2)\n  5. Equilibrium position on a line: x = d / (1 + math.sqrt(abs(q2/q1))) -> result in m  (Position of equilibrium charge between q1 (at 0) and q2 (at d), same-sign charges)\n  6. Electric force on charge in field: F = abs(q) * E -> result in N  (Force on charge q in uniform field E)\n  7. Work done by electric force: A = q * E * d -> result in J  (Work done moving charge q through distance d along field E)\n\nPROBLEM:\nTwo point charges, q1 = +8 × 10^-6 C and q2 = -8 × 10^-6 C, are placed at points A and B, separated by 10 cm. A test charge q with a magnitude of 10^-6 C is placed at point M, which lies on the perpendicular bisector of AB, at a distance of 3 cm from AB. Calculate the net electric force acting on the test charge q.\n\nWrite a Python script to solve this.<|im_end|>\n<|im_start|>assistant\n<think>\n\n</think>\n\n', 'generated_code': 'import math\n\n# Constants\nk = 9e9  # Coulomb constant in N*m^2/C^2\n\n# Given values converted to SI units\nq1 = 8e-6  # Charge at A in C\nq2 = -8e-6 # Charge at B in C\nd = 0.1    # Separation distance in m\nh = 0.03   # Distance from line AB in m\nq_test = 1e-6 # Test charge magnitude in C\n\n# Calculate distance R from each source charge to the test charge\n# R = sqrt((d/2)^2 + h^2)\nhalf_d = d / 2\nR = math.sqrt(half_d**2 + h**2)\n\n# Calculate magnitude of force from one source charge to the test charge\n# F_single = k * |q1| * |q_test| / R^2\nF_single = k * abs(q1) * abs(q_test) / (R**2)\n\n# Calculate the angle components\n# The force vector makes an angle with the vertical.\n# Vertical component factor = h / R\n# Net force is the sum of vertical components from both charges (horizontal cancel)\n# F_net = 2 * F_single * (h / R)\nF_net = 2 * F_single * (h / R)\n\nprint(f""FINAL ANSWER: {F_net:.4g}"")\nprint(""UNIT: N"")', 'execution_stdout': 'FINAL ANSWER: 21.79\nUNIT: N\n', 'execution_stderr': '', 'retry_count': 0, 'solve_method': 'code_execution', 'raw_answer': '21.79', 'answer_type': 'pure_numeric', 'partial_correct': False, 'scoring_notes': '', 'routed_domain': 'LD', 'routed_answer_type': 'pure_numeric', 'route_confidence': 0.9, 'n_examples': 2, 'classify_elapsed_s': 6.812363624572754}"
LD377,"Three charges, q1 = q2 = 3.32 × 10^-6 C and q3 = 3.64 × 10^-6 C, are placed at the three vertices of an equilateral triangle with a side length of 7.83 cm. Calculate the resultant electric field at the position of q3. give your answer rounded to two decimal places.",8.44 * 10^{6},V/m,"FINAL ANSWER: 8441462.52
UNIT: V/m",8441462.52,V/m,True,60.78281331062317,"{'rendered_prompt': '<|im_start|>system\nYou are a physics solver. First, briefly state the key physics principle and formula. Then write a self-contained Python script to compute the answer.\n\nRULES:\n- Only `import math` is allowed.\n- Define all given values at the top with SI unit conversions.\n- Write the key formula as a comment before each computation.\n- The script MUST print exactly two lines at the end:\n    FINAL ANSWER: <value>\n    UNIT: <unit>\n- For yes_no: compute the relevant quantity, compare, and print ""Yes"" or ""No"".\n- For multi_value: print values separated by semicolons (e.g. ""0.6; 1.2"").\n- Round numeric answers to 2-4 significant figures unless the problem specifies otherwise.\n\nExample:\nCoulomb force: F = k|q1||q2|/r². Convert units to SI, plug in, compute.\n\n```python\nimport math\n\n# Given\nq1 = 5e-6  # 5 uC -> C\nq2 = 3e-6  # 3 uC -> C\nr = 0.08   # 8 cm -> m\nk = 9e9    # Coulomb constant\n\n# Coulomb\'s law: F = k * |q1| * |q2| / r^2\nF = k * abs(q1) * abs(q2) / r**2\n\nprint(f""FINAL ANSWER: {F:.4g}"")\nprint(""UNIT: N"")\n```<|im_end|>\n<|im_start|>user\nDOMAIN: DT\nANSWER TYPE: pure_numeric\n\nRELEVANT FORMULAS:\nConstants:\n  k = 9e9 N*m^2/C^2 (Coulomb constant)\n  epsilon_0 = 8.854e-12 F/m (Vacuum permittivity)\n  e = 1.6e-19 C (Elementary charge)\n\nUnit conversions:\n  uC = 1e-6 C (microcoulomb), nC = 1e-9 C (nanocoulomb), cm = 0.01 m, mm = 0.001 m, kV/m = 1e3 V/m, MV/m = 1e6 V/m, eV = 1.6e-19 J (electronvolt)\n\nFormulas:\n  1. Electric field of point charge: E = k * abs(q) / r**2 -> result in V/m  (Directed radially outward for positive charge)\n  2. Electric potential of point charge: V = k * q / r -> result in V  (Scalar quantity; can be positive or negative)\n  3. Uniform electric field: E = U / d -> result in V/m  (Between parallel plates with voltage U and separation d)\n  4. Potential difference and field: U = E * d  # along field direction -> result in V  (V_A - V_B = E * d_AB (A is higher potential toward + plate))\n  5. Work by electric field: A = q * (V_A - V_B)  # or A = q * E * d -> result in J  (Work done moving charge q from A to B)\n  6. Potential energy: W = q * V -> result in J  (Potential energy of charge q at potential V)\n  7. Superposition of fields: E_net = math.sqrt(E1**2 + E2**2 + 2*E1*E2*math.cos(theta)) -> result in V/m  (Vector sum of fields; theta is angle between E1 and E2)\n  8. Superposition of potentials: V_net = V1 + V2 + V3 -> result in V  (Scalar sum; no vector addition needed)\n\nPROBLEM:\nThree charges, q1 = q2 = 3.32 × 10^-6 C and q3 = 3.64 × 10^-6 C, are placed at the three vertices of an equilateral triangle with a side length of 7.83 cm. Calculate the resultant electric field at the position of q3. give your answer rounded to two decimal places.\n\nWrite a Python script to solve this.<|im_end|>\n<|im_start|>assistant\n<think>\n\n</think>\n\n', 'generated_code': 'import math\n\n# Constants\nk = 9e9  # Coulomb constant in N*m^2/C^2\n\n# Given values converted to SI units\nq1 = 3.32e-6  # 3.32 uC -> C\nq2 = 3.32e-6  # 3.32 uC -> C\nq3 = 3.64e-6  # 3.64 uC -> C (charge at the point where we calculate the field)\nside_length_cm = 7.83  # cm\nside_length_m = side_length_cm * 0.01  # Convert to meters\n\n# Calculate the magnitude of the electric field produced by q1 at the position of q3\n# E = k * |q| / r^2\nE1 = k * abs(q1) / (side_length_m ** 2)\n\n# Calculate the magnitude of the electric field produced by q2 at the position of q3\n# Since q1 = q2 and distances are equal, E2 = E1\nE2 = k * abs(q2) / (side_length_m ** 2)\n\n# The angle between the two field vectors at q3 is 60 degrees (equilateral triangle)\n# theta = 60 degrees = pi/3 radians\ntheta_rad = math.pi / 3\n\n# Calculate the resultant electric field using the law of cosines for vector addition\n# E_net = sqrt(E1^2 + E2^2 + 2*E1*E2*cos(theta))\nE_net = math.sqrt(E1**2 + E2**2 + 2 * E1 * E2 * math.cos(theta_rad))\n\n# Round to two decimal places\nE_net_rounded = round(E_net, 2)\n\nprint(f""FINAL ANSWER: {E_net_rounded}"")\nprint(""UNIT: V/m"")', 'execution_stdout': 'FINAL ANSWER: 8441462.52\nUNIT: V/m\n', 'execution_stderr': '', 'retry_count': 0, 'solve_method': 'code_execution', 'raw_answer': '8441462.52', 'answer_type': 'sci_notation', 'partial_correct': False, 'scoring_notes': '', 'routed_domain': 'DT', 'routed_answer_type': 'pure_numeric', 'route_confidence': 0.9, 'n_examples': 2, 'classify_elapsed_s': 6.812363624572754}"
LD172,"Two electric forces have magnitudes of 3 N and 5 N, and act at an angle of 120° to each other. Calculate the resultant force of these two electric forces.",4.3589,N,"FINAL ANSWER: 4.359
UNIT: N",4.359,N,True,29.718873500823975,"{'rendered_prompt': '<|im_start|>system\nYou are a physics solver. First, briefly state the key physics principle and formula. Then write a self-contained Python script to compute the answer.\n\nRULES:\n- Only `import math` is allowed.\n- Define all given values at the top with SI unit conversions.\n- Write the key formula as a comment before each computation.\n- The script MUST print exactly two lines at the end:\n    FINAL ANSWER: <value>\n    UNIT: <unit>\n- For yes_no: compute the relevant quantity, compare, and print ""Yes"" or ""No"".\n- For multi_value: print values separated by semicolons (e.g. ""0.6; 1.2"").\n- Round numeric answers to 2-4 significant figures unless the problem specifies otherwise.\n\nExample:\nCoulomb force: F = k|q1||q2|/r². Convert units to SI, plug in, compute.\n\n```python\nimport math\n\n# Given\nq1 = 5e-6  # 5 uC -> C\nq2 = 3e-6  # 3 uC -> C\nr = 0.08   # 8 cm -> m\nk = 9e9    # Coulomb constant\n\n# Coulomb\'s law: F = k * |q1| * |q2| / r^2\nF = k * abs(q1) * abs(q2) / r**2\n\nprint(f""FINAL ANSWER: {F:.4g}"")\nprint(""UNIT: N"")\n```<|im_end|>\n<|im_start|>user\nDOMAIN: LD\nANSWER TYPE: pure_numeric\n\nRELEVANT FORMULAS:\nConstants:\n  k = 9e9 N*m^2/C^2 (Coulomb constant)\n  epsilon_0 = 8.854e-12 F/m (Vacuum permittivity)\n  e = 1.6e-19 C (Elementary charge)\n\nUnit conversions:\n  uC = 1e-6 C (microcoulomb), nC = 1e-9 C (nanocoulomb), pC = 1e-12 C (picocoulomb), cm = 0.01 m, mm = 0.001 m, kV/m = 1e3 V/m\n\nFormulas:\n  1. Coulomb\'s Law: F = k * abs(q1) * abs(q2) / r**2 -> result in N  (Force magnitude between two point charges)\n  2. Electric field of point charge: E = k * abs(q) / r**2 -> result in V/m  (Field magnitude at distance r from charge q)\n  3. Superposition of forces (collinear): F_net = F1 + F2  # same direction; F_net = abs(F1 - F2) opposite -> result in N  (Add magnitudes if same direction, subtract if opposite)\n  4. Superposition of forces (2D): F_net = math.sqrt(F1**2 + F2**2 + 2*F1*F2*math.cos(theta)) -> result in N  (General vector addition; theta is angle between F1 and F2)\n  5. Equilibrium position on a line: x = d / (1 + math.sqrt(abs(q2/q1))) -> result in m  (Position of equilibrium charge between q1 (at 0) and q2 (at d), same-sign charges)\n  6. Electric force on charge in field: F = abs(q) * E -> result in N  (Force on charge q in uniform field E)\n  7. Work done by electric force: A = q * E * d -> result in J  (Work done moving charge q through distance d along field E)\n\nPROBLEM:\nTwo electric forces have magnitudes of 3 N and 5 N, and act at an angle of 120° to each other. Calculate the resultant force of these two electric forces.\n\nWrite a Python script to solve this.<|im_end|>\n<|im_start|>assistant\n<think>\n\n</think>\n\n', 'generated_code': 'import math\n\n# Given values\nF1 = 3.0      # Magnitude of first force in N\nF2 = 5.0      # Magnitude of second force in N\ntheta_deg = 120  # Angle between forces in degrees\n\n# Convert angle to radians\ntheta_rad = math.radians(theta_deg)\n\n# Formula: F_net = sqrt(F1^2 + F2^2 + 2*F1*F2*cos(theta))\n# This calculates the magnitude of the resultant vector.\nF_net = math.sqrt(F1**2 + F2**2 + 2 * F1 * F2 * math.cos(theta_rad))\n\nprint(f""FINAL ANSWER: {F_net:.4g}"")\nprint(""UNIT: N"")', 'execution_stdout': 'FINAL ANSWER: 4.359\nUNIT: N\n', 'execution_stderr': '', 'retry_count': 0, 'solve_method': 'code_execution', 'raw_answer': '4.359', 'answer_type': 'pure_numeric', 'partial_correct': False, 'scoring_notes': '', 'routed_domain': 'LD', 'routed_answer_type': 'pure_numeric', 'route_confidence': 0.9, 'n_examples': 2, 'classify_elapsed_s': 6.812363624572754}"
LD049,"Two charges, q1 = +5 μC and q2 = +5 μC, are placed at points A and B, 10 cm apart. Calculate the magnitude of the force acting on a test charge q0 = +1 μC placed at a point 6 cm from A and 8 cm from B.",14.34,N,"FINAL ANSWER: 14.34
UNIT: N",14.34,N,True,125.49358129501343,"{'rendered_prompt': '<|im_start|>system\nYou are a physics solver. First, briefly state the key physics principle and formula. Then write a self-contained Python script to compute the answer.\n\nRULES:\n- Only `import math` is allowed.\n- Define all given values at the top with SI unit conversions.\n- Write the key formula as a comment before each computation.\n- The script MUST print exactly two lines at the end:\n    FINAL ANSWER: <value>\n    UNIT: <unit>\n- For yes_no: compute the relevant quantity, compare, and print ""Yes"" or ""No"".\n- For multi_value: print values separated by semicolons (e.g. ""0.6; 1.2"").\n- Round numeric answers to 2-4 significant figures unless the problem specifies otherwise.\n\nExample:\nCoulomb force: F = k|q1||q2|/r². Convert units to SI, plug in, compute.\n\n```python\nimport math\n\n# Given\nq1 = 5e-6  # 5 uC -> C\nq2 = 3e-6  # 3 uC -> C\nr = 0.08   # 8 cm -> m\nk = 9e9    # Coulomb constant\n\n# Coulomb\'s law: F = k * |q1| * |q2| / r^2\nF = k * abs(q1) * abs(q2) / r**2\n\nprint(f""FINAL ANSWER: {F:.4g}"")\nprint(""UNIT: N"")\n```<|im_end|>\n<|im_start|>user\nDOMAIN: LD\nANSWER TYPE: pure_numeric\n\nRELEVANT FORMULAS:\nConstants:\n  k = 9e9 N*m^2/C^2 (Coulomb constant)\n  epsilon_0 = 8.854e-12 F/m (Vacuum permittivity)\n  e = 1.6e-19 C (Elementary charge)\n\nUnit conversions:\n  uC = 1e-6 C (microcoulomb), nC = 1e-9 C (nanocoulomb), pC = 1e-12 C (picocoulomb), cm = 0.01 m, mm = 0.001 m, kV/m = 1e3 V/m\n\nFormulas:\n  1. Coulomb\'s Law: F = k * abs(q1) * abs(q2) / r**2 -> result in N  (Force magnitude between two point charges)\n  2. Electric field of point charge: E = k * abs(q) / r**2 -> result in V/m  (Field magnitude at distance r from charge q)\n  3. Superposition of forces (collinear): F_net = F1 + F2  # same direction; F_net = abs(F1 - F2) opposite -> result in N  (Add magnitudes if same direction, subtract if opposite)\n  4. Superposition of forces (2D): F_net = math.sqrt(F1**2 + F2**2 + 2*F1*F2*math.cos(theta)) -> result in N  (General vector addition; theta is angle between F1 and F2)\n  5. Equilibrium position on a line: x = d / (1 + math.sqrt(abs(q2/q1))) -> result in m  (Position of equilibrium charge between q1 (at 0) and q2 (at d), same-sign charges)\n  6. Electric force on charge in field: F = abs(q) * E -> result in N  (Force on charge q in uniform field E)\n  7. Work done by electric force: A = q * E * d -> result in J  (Work done moving charge q through distance d along field E)\n\nPROBLEM:\nTwo charges, q1 = +5 μC and q2 = +5 μC, are placed at points A and B, 10 cm apart. Calculate the magnitude of the force acting on a test charge q0 = +1 μC placed at a point 6 cm from A and 8 cm from B.\n\nWrite a Python script to solve this.<|im_end|>\n<|im_start|>assistant\n<think>\n\n</think>\n\n', 'generated_code': 'import math\n\n# Constants\nk = 9e9          # Coulomb constant (N*m^2/C^2)\ne = 1.6e-19      # Elementary charge (C) - not needed for this specific calculation but provided in domain\n\n# Given values with SI unit conversions\nq1 = 5e-6        # +5 μC -> C\nq2 = 5e-6        # +5 μC -> C\nq0 = 1e-6        # +1 μC -> C\n\n# Distances\nd_AB = 0.10      # 10 cm -> m (Distance between A and B)\nd_A_q0 = 0.06    # 6 cm -> m (Distance from A to q0)\nd_B_q0 = 0.08    # 8 cm -> m (Distance from B to q0)\n\n# Verification of geometry: d_A_q0 + d_B_q0 = 0.06 + 0.08 = 0.14 m? \n# Wait, the problem states ""6 cm from A and 8 cm from B"". \n# If A and B are 10 cm apart, a point cannot be 6cm from A and 8cm from B simultaneously on the line segment AB.\n# 6 + 8 = 14 cm != 10 cm.\n# However, the problem asks for the force on a charge placed at a point satisfying these distances.\n# This implies the point is NOT between A and B, or the distances are just given as magnitudes.\n# Let\'s re-read carefully: ""placed at a point 6 cm from A and 8 cm from B"".\n# If the point is on the line extending AB:\n# Case 1: Between A and B. Distance to B would be 10 - 6 = 4 cm. (Does not match 8 cm).\n# Case 2: Outside A (A is between point and B). Distance to B = d_point_to_A + d_AB = 6 + 10 = 16 cm. (Does not match 8 cm).\n# Case 3: Outside B (B is between point and A). Distance to A = d_point_to_B + d_AB = 8 + 10 = 18 cm. (Does not match 6 cm).\n# Case 4: The point is not on the line connecting A and B? \n# ""Two charges... are placed at points A and B... Calculate the force... placed at a point 6 cm from A and 8 cm from B.""\n# Usually, in such textbook problems, if the distances don\'t sum to the separation, it implies a 2D triangle or the point is off-axis.\n# HOWEVER, looking at the numbers: 6, 8, 10. This forms a right-angled triangle (6^2 + 8^2 = 36 + 64 = 100 = 10^2).\n# So the point is located such that it forms a right triangle with A and B as the hypotenuse.\n# We must calculate the vector components or use the law of cosines for the angle between the forces.\n\n# Let\'s set up a coordinate system:\n# A = (0, 0)\n# B = (0.10, 0)\n# Let the test charge be at P(x, y).\n# dist(P, A) = 0.06\n# dist(P, B) = 0.08\n# dist(A, B) = 0.10\n# Since 0.06^2 + 0.08^2 = 0.01, the triangle APB is a right triangle with the right angle at P.\n# The angle at A (angle PAB) can be found using trigonometry.\n# cos(theta_A) = adjacent / hypotenuse = AB / AP? No.\n# In triangle APB:\n# Side AP = 0.06\n# Side PB = 0.08\n# Side AB = 0.10\n# Angle at P is 90 degrees.\n# We need the angle between the force vectors.\n# Force F1 acts along the line PA (repulsive, away from A).\n# Force F2 acts along the line PB (repulsive, away from B).\n# The angle between the vectors F1 and F2 is the angle APB, which is 90 degrees (pi/2 radians).\n\n# Calculate individual force magnitudes\n# F1: Force on q0 due to q1\nr1 = d_A_q0\nF1 = k * abs(q1) * abs(q0) / (r1 ** 2)\n\n# F2: Force on q0 due to q2\nr2 = d_B_q0\nF2 = k * abs(q2) * abs(q0) / (r2 ** 2)\n\n# Calculate Net Force\n# Since the angle between the two force vectors is 90 degrees (pi/2),\n# we use the Pythagorean theorem for vector addition.\n# F_net = sqrt(F1^2 + F2^2)\n# Alternatively, using the general formula with theta = 90 deg:\n# F_net = sqrt(F1^2 + F2^2 + 2*F1*F2*cos(90)) -> cos(90) = 0.\n\ntheta_rad = math.pi / 2  # 90 degrees\n\n# F_net = sqrt(F1^2 + F2^2 + 2*F1*F2*cos(theta))\nF_net = math.sqrt(F1**2 + F2**2 + 2 * F1 * F2 * math.cos(theta_rad))\n\nprint(f""FINAL ANSWER: {F_net:.4g}"")\nprint(""UNIT: N"")', 'execution_stdout': 'FINAL ANSWER: 14.34\nUNIT: N\n', 'execution_stderr': '', 'retry_count': 0, 'solve_method': 'code_execution', 'raw_answer': '14.34', 'answer_type': 'pure_numeric', 'partial_correct': False, 'scoring_notes': '', 'routed_domain': 'LD', 'routed_answer_type': 'pure_numeric', 'route_confidence': 0.9, 'n_examples': 2, 'classify_elapsed_s': 6.812363624572754}"
